{
  "solver": "impulse",
  "steps": 60,
  "stack_height": 20,
  "dt": 0.016666668,
  "scenario": "stack_drop",
  "timestamp_ms": 1760883105026,
  "totals": {
    "total_ms": 1.7592489999999994,
    "solver_ms": 0.9276650000000002,
    "assembly_ms": 0.15258300000000005,
    "resolution_ms": 0,
    "writeback_ms": 0.02492000000000001
  },
  "averages": {
    "total_ms": 0.029320816666666655,
    "solver_ms": 0.015461083333333337,
    "assembly_ms": 0.0025430500000000007,
    "resolution_ms": 0,
    "writeback_ms": 0.0004153333333333335
  },
  "constraints": 0,
  "contacts": 0,
  "body_count": 21
}
