{
  "solver": "avbd",
  "steps": 60,
  "stack_height": 20,
  "dt": 0.016666668,
  "scenario": "stack_drop",
  "timestamp_ms": 1760883122920,
  "totals": {
    "total_ms": 0.7074609999999998,
    "solver_ms": 0.17712199999999997,
    "assembly_ms": 0.0051270000000000005,
    "resolution_ms": 0,
    "writeback_ms": 0.002207999999999999
  },
  "averages": {
    "total_ms": 0.011791016666666662,
    "solver_ms": 0.002952033333333333,
    "assembly_ms": 0.00008545,
    "resolution_ms": 0,
    "writeback_ms": 0.000036799999999999986
  },
  "constraints": 0,
  "contacts": 0,
  "body_count": 21
}
